"","Individual ID","Population","SSR1(1-78)","X__1","SSR2(1-141)","X__2","SSR3(A34)","X__3","SSR4(C25)","X__4","SSR5(A99)","X__5","SSR6(B30)","X__6","SSR7(A80)","X__7","SSR8(F17)","X__8","SSR9(H33)","X__9"
"1","ND1","Ning",13,13,35,35,41,53,9,9,27,27,11,11,47,49,15,25,7,9
"2","ND2","Ning",13,15,35,45,41,43,9,9,27,27,11,11,49,49,23,25,11,11
"3","ND3","Ning",13,13,39,39,43,57,7,11,27,27,11,11,51,53,25,25,9,11
"4","ND4","Ning",11,13,35,37,51,53,9,9,27,27,11,11,47,53,17,17,7,11
"5","ND5","Ning",13,13,35,39,51,53,9,9,27,27,11,11,47,51,25,25,7,11
"6","ND6","Ning",13,13,31,35,43,45,9,9,25,27,11,11,53,53,15,27,7,7
"7","ND7","Ning",13,13,31,37,43,51,5,9,27,27,11,11,49,55,15,15,7,9
"8","ND8","Ning",13,13,35,35,39,43,9,9,27,29,11,11,51,51,15,17,11,11
"9","ND9","Ning",13,13,33,37,43,53,9,9,27,27,11,11,51,51,17,25,7,7
"10","ND10","Ning",13,13,17,25,25,25,9,9,27,27,11,11,51,53,15,15,7,9
"11","ND11","Ning",13,13,31,39,43,51,9,9,23,27,11,11,51,51,17,25,7,7
"12","ND12","Ning",13,13,31,37,43,57,9,9,27,29,11,11,47,53,15,15,7,9
"13","ND13","Ning",13,13,35,37,43,55,9,9,23,27,11,11,47,49,15,15,7,11
"14","ND14","Ning",13,13,37,43,51,57,9,9,25,25,11,11,49,55,15,25,7,7
"15","ND15","Ning",11,13,37,37,45,45,7,9,23,27,11,11,51,55,15,17,7,11
"16","ND16","Ning",13,13,35,39,51,57,9,9,21,27,11,11,47,53,25,25,7,11
"17","ND17","Ning",13,13,35,45,51,51,9,9,25,27,11,11,47,49,17,27,9,11
"18","ND18","Ning",15,15,31,35,49,57,7,9,27,27,11,11,49,55,15,25,5,5
"19","ND19","Ning",13,13,19,31,45,49,9,9,21,27,11,11,51,55,17,25,11,11
"20","ND20","Ning",13,13,35,37,43,43,9,13,23,27,11,11,49,49,15,15,7,11
"21","sha1","Sha",13,13,35,35,43,43,7,7,23,27,11,11,49,51,17,17,9,9
"22","sha2","Sha",15,15,0,0,43,43,7,7,27,27,11,11,47,47,17,25,7,7
"23","sha3","Sha",13,13,49,51,43,43,7,7,21,27,11,11,49,49,15,15,7,11
"24","sha4","Sha",13,13,37,39,41,43,7,7,27,27,11,11,47,51,15,15,11,11
"25","sha5","Sha",13,13,35,35,43,43,7,7,27,27,11,11,53,55,15,25,7,9
"26","sha6","Sha",15,15,33,35,43,51,7,7,27,27,11,11,53,53,41,43,7,7
"27","sha7","Sha",15,15,33,35,43,43,7,7,25,27,11,11,47,51,23,25,9,11
"28","sha8","Sha",13,15,33,35,41,43,7,7,25,27,11,11,51,53,25,37,9,11
"29","sha9","Sha",13,15,33,41,43,45,7,7,23,27,11,11,49,53,15,15,7,9
"30","sha10","Sha",13,13,0,0,43,43,7,7,21,29,11,11,49,51,17,17,7,11
"31","sha11","Sha",13,13,35,39,43,43,7,7,25,27,11,11,49,51,15,25,11,11
"32","sha12","Sha",13,13,37,39,57,57,7,7,23,27,11,11,55,55,17,17,7,7
"33","sha13","Sha",13,15,35,37,57,57,7,7,25,27,11,11,51,51,17,17,11,11
"34","sha14","Sha",15,15,35,37,43,45,7,7,25,27,11,11,45,47,17,25,7,7
"35","sha15","Sha",15,15,35,39,43,45,7,7,29,29,11,11,45,47,17,25,7,7
"36","sha16","Sha",11,13,37,41,49,53,9,9,21,27,11,11,53,55,17,27,7,11
"37","sha17","Sha",11,13,31,37,41,43,7,9,23,27,11,11,49,51,15,15,11,11
"38","sha18","Sha",13,13,35,39,43,51,9,9,27,27,11,11,51,55,17,27,9,11
"39","sha19","Sha",13,13,37,39,43,59,9,9,27,27,11,11,53,53,27,27,7,11
"40","sha20","Sha",13,13,31,37,43,47,9,9,27,27,11,11,51,55,15,15,7,7
"41","sha21","Sha",13,13,27,37,51,51,9,9,25,27,11,11,47,47,15,15,9,9
"42","sha22","Sha",15,15,35,37,43,43,9,9,23,27,11,11,45,47,27,29,7,9
"43","sha23","Sha",13,13,37,37,43,43,9,9,27,27,11,11,47,51,15,15,11,11
"44","sha24","Sha",13,13,25,37,43,43,9,9,27,27,11,11,47,51,15,15,7,9
"45","sha25","Sha",13,13,37,37,43,43,7,13,27,27,11,11,49,49,15,15,9,9
"46","sha26","Sha",13,15,35,37,55,55,9,9,25,27,11,11,55,55,15,15,7,9
"47","sha27","Sha",13,13,31,31,43,43,9,9,27,27,11,11,51,51,17,17,11,11
"48","JX1","Sui",15,15,35,39,49,49,11,11,23,27,11,11,51,51,0,0,9,9
"49","JX2","Sui",11,13,37,39,43,43,9,9,0,0,11,11,51,53,17,17,7,9
"50","JX3","Sui",13,13,37,39,41,43,9,9,27,27,11,11,51,53,17,27,9,9
"51","JX4","Sui",13,13,17,35,43,45,9,9,25,27,11,11,53,53,17,27,7,11
"52","JX5","Sui",13,13,17,17,45,45,3,7,27,27,11,11,49,49,17,17,11,11
"53","JX6","Sui",13,13,35,39,45,49,9,9,0,0,11,11,53,53,27,27,11,11
"54","JX7","Sui",13,13,37,39,45,45,7,9,21,27,11,11,51,51,17,17,9,9
"55","JX8","Sui",13,13,51,53,45,45,9,9,21,27,11,11,53,53,17,17,7,7
"56","JX9","Sui",15,15,25,31,43,51,9,9,23,23,11,11,51,53,17,21,7,13
"57","JX10","Sui",11,13,37,37,43,47,9,13,23,27,11,11,53,53,17,17,7,9
"58","JX11","Sui",11,11,31,31,47,47,9,9,23,23,11,11,45,45,19,19,5,5
"59","JX12","Sui",13,13,37,39,41,43,9,9,25,27,11,11,51,51,17,17,7,7
"60","JX13","Sui",13,13,37,37,49,49,9,11,27,27,11,11,51,51,19,19,9,9
"61","JX14","Sui",13,13,55,57,43,43,9,9,27,27,11,11,53,53,27,27,9,9
"62","JX15","Sui",13,13,17,37,47,49,9,13,27,27,11,13,51,53,27,27,7,11
"63","JX16","Sui",11,15,39,41,43,43,9,9,27,29,11,11,53,53,15,15,9,11
"64","JX17","Sui",13,13,39,41,45,47,9,9,23,27,11,11,51,51,17,17,9,9
"65","JX18","Sui",13,13,37,39,43,45,9,9,27,27,11,11,51,51,17,25,11,11
"66","JX19","Sui",13,13,45,47,53,53,9,9,25,25,11,11,49,51,17,25,5,9
"67","JX20","Sui",13,13,41,43,47,47,9,9,27,27,11,11,51,51,17,17,9,11
"68","XG1","Xiang",15,19,35,35,47,49,9,9,27,27,11,11,47,51,15,15,7,7
"69","XG2","Xiang",13,13,39,39,45,45,9,9,27,27,11,11,47,51,17,17,7,7
"70","XG3","Xiang",13,13,27,27,45,45,9,9,23,23,11,11,49,51,15,15,11,11
"71","XG4","Xiang",13,13,39,45,43,43,9,9,27,27,11,11,51,51,17,17,7,7
"72","XG5","Xiang",13,13,35,35,45,45,9,9,23,23,11,11,53,53,25,25,7,13
"73","XG6","Xiang",13,13,49,49,47,53,9,9,27,27,11,13,55,61,17,17,9,9
"74","XG7","Xiang",13,13,25,25,47,47,9,9,27,27,11,11,47,53,15,15,7,7
"75","XG8","Xiang",11,13,35,35,43,43,9,9,23,27,11,11,51,53,15,15,7,9
"76","XG9","Xiang",13,13,35,35,45,45,9,9,23,27,11,11,51,59,15,15,7,7
"77","XG10","Xiang",13,13,41,41,45,49,7,9,25,27,11,11,49,51,15,15,7,11
"78","XG11","Xiang",13,13,35,37,45,45,5,5,27,29,9,9,51,53,15,15,7,7
"79","XG12","Xiang",13,15,17,17,45,45,9,9,27,27,11,11,49,49,15,15,9,11
"80","XG13","Xiang",13,15,35,35,55,55,9,9,27,27,11,11,53,53,15,15,7,9
"81","XG14","Xiang",13,13,39,39,45,45,9,9,27,27,11,11,47,49,15,15,9,9
"82","XG15","Xiang",13,13,19,35,43,43,9,9,27,27,11,11,51,51,13,13,9,9
"83","XG16","Xiang",13,13,35,53,43,47,9,9,27,27,11,11,53,53,17,17,11,11
"84","ZWY1","Huo",11,11,35,35,43,49,7,7,25,27,11,11,53,53,17,41,9,9
"85","ZWY2","Huo",13,13,29,35,45,45,9,9,25,27,11,11,53,53,15,41,7,11
"86","ZWY3","Huo",13,13,51,51,43,43,3,9,23,25,11,11,57,57,17,17,7,9
"87","ZWY4","Huo",13,13,35,43,45,55,9,9,27,29,11,11,53,53,17,17,11,11
"88","ZWY5","Huo",13,13,39,39,43,43,5,9,25,25,11,11,53,53,15,15,9,9
"89","ZWY6","Huo",13,13,37,37,43,43,7,9,23,23,11,11,53,53,15,15,41,47
"90","ZWY7","Huo",11,11,37,37,41,45,5,5,25,27,11,11,53,55,17,27,7,9
"91","ZWY8","Huo",1,9,13,33,0,0,9,9,1,1,1,1,45,49,31,31,47,47
"92","ZWY9","Huo",13,13,29,29,47,47,9,9,27,27,11,11,51,51,17,17,7,7
"93","ZWY10","Huo",11,13,17,25,43,45,7,9,27,27,11,13,53,57,15,41,9,9
"94","ZWY11","Huo",13,13,21,39,45,47,3,7,27,27,11,11,53,57,15,27,7,7
"95","ZWY12","Huo",15,27,37,37,49,51,7,7,27,29,11,11,53,53,13,25,11,11
"96","ZWY13","Huo",13,13,37,49,47,49,3,3,27,27,11,11,53,53,17,29,9,9
"97","ZWY14","Huo",13,13,47,47,45,45,9,9,27,29,11,11,53,53,15,15,7,7
"98","ZWY15","Huo",13,15,17,39,43,43,5,5,27,31,11,11,53,53,17,27,7,11
"99","DHS1","DHS",15,15,41,43,37,41,7,9,25,27,11,11,53,53,17,17,7,9
"100","DHS2","DHS",13,13,29,29,43,45,3,3,27,27,11,11,51,51,15,15,7,11
"101","DHS3","DHS",13,17,41,43,41,45,9,9,27,27,11,11,51,51,15,15,7,7
"102","DHS4","DHS",13,13,25,39,47,57,7,9,27,27,11,11,51,51,15,17,9,9
"103","DHS5","DHS",13,13,37,39,43,43,5,9,21,21,11,11,51,55,15,15,7,7
"104","DHS6","DHS",13,15,35,47,25,41,3,7,25,29,11,11,51,51,15,15,7,7
"105","DHS7","DHS",13,15,37,39,37,57,5,7,25,27,11,11,51,51,15,15,7,11
"106","DHS8","DHS",11,11,41,47,41,43,5,9,27,27,11,13,55,55,15,15,7,11
"107","DHS9","DHS",13,13,39,39,45,45,5,5,27,27,11,11,53,53,17,17,9,9
"108","DHS10","DHS",13,13,39,39,43,47,5,7,27,27,11,11,49,51,15,15,7,11
"109","DHS11","DHS",11,13,39,45,41,57,7,9,27,27,11,11,51,51,15,15,7,11
"110","DHS12","DHS",13,13,35,37,55,65,5,5,27,27,11,11,51,55,15,15,5,11
"111","DHS13","DHS",13,13,37,37,5,7,1,9,23,27,11,11,49,49,15,15,7,7
"112","DHS14","DHS",15,15,25,25,5,7,7,7,27,27,11,11,51,51,15,15,9,9
"113","DHS15","DHS",11,13,37,41,3,5,7,7,23,25,11,11,51,51,15,17,7,7
"114","DHS16","DHS",13,13,37,39,1,3,3,5,25,27,9,11,51,51,15,17,3,9
"115","DHS17","DHS",15,15,25,25,5,7,3,7,27,27,11,11,53,53,15,15,5,5
"116","DHS18","DHS",13,15,39,39,7,9,7,7,27,27,11,11,51,57,17,31,5,7
"117","DHS19","DHS",13,13,39,43,11,13,5,5,27,27,11,11,51,51,15,33,5,7
"118","DHS20","DHS",13,13,33,41,9,11,9,9,27,27,11,11,0,0,15,25,5,13
"119","DHS21","DHS",13,13,19,37,5,9,5,5,27,27,11,11,51,51,17,27,5,11
"120","DHS22","DHS",13,13,37,41,7,9,5,7,27,27,11,11,55,55,15,15,11,11
"121","DHS23","DHS",13,15,35,47,5,7,5,7,23,27,11,11,53,53,15,17,5,11
"122","DHS24","DHS",13,15,33,55,1,3,7,9,27,27,11,11,53,53,0,0,3,9
"123","HN1","Hu",13,13,27,37,43,43,9,13,23,27,11,11,49,53,15,15,11,11
"124","HN2","Hu",13,23,21,25,53,53,9,11,17,21,11,11,51,53,11,17,0,0
"125","HN3","Hu",13,13,31,41,45,45,9,9,27,27,11,11,49,49,15,15,11,11
"126","HN4","Hu",17,17,25,37,43,45,13,13,27,27,11,11,49,53,17,17,11,11
"127","HN5","Hu",13,13,31,41,45,45,9,9,27,27,11,11,49,49,15,15,11,11
"128","HN6","Hu",13,13,31,55,45,47,9,13,27,27,11,11,49,49,17,17,7,11
"129","HN7","Hu",13,13,29,39,45,47,9,9,27,27,11,11,51,51,15,25,7,11
"130","HN8","Hu",13,13,29,39,45,47,7,9,23,27,11,11,51,53,17,25,7,7
"131","HN9","Hu",13,13,41,47,39,43,7,7,27,27,11,11,51,51,15,49,11,11
"132","HN10","Hu",11,13,35,37,41,61,3,5,23,27,11,11,51,51,43,47,5,5
"133","HN11","Hu",15,15,35,57,45,55,9,9,23,23,11,11,51,51,15,25,9,11
"134","HN12","Hu",13,13,41,41,47,47,9,9,23,27,11,11,51,51,15,35,5,11
"135","HN13","Hu",13,15,27,37,43,47,3,7,1,23,11,11,51,51,15,15,5,9
"136","HN14","Hu",13,15,37,37,41,47,7,9,27,27,11,11,51,51,15,15,7,9
"137","HN15","Hu",13,13,19,19,47,47,3,7,1,23,11,11,51,51,15,15,5,11
"138","HN16","Hu",13,15,19,25,43,53,5,7,25,27,11,11,51,53,15,15,0,0
"139","HN17","Hu",13,15,35,49,49,53,5,7,27,27,11,11,51,51,15,15,7,11
"140","HN18","Hu",13,13,31,33,43,47,7,7,27,27,11,11,51,51,15,51,9,11
"141","HN19","Hu",13,13,25,35,41,43,7,9,25,27,11,11,53,53,15,51,9,9
"142","HN20","Hu",11,13,19,35,45,47,5,17,27,27,11,11,47,53,25,43,11,11
"143","SD1","Sand",15,15,35,35,47,47,0,0,23,23,11,11,55,55,17,17,5,7
"144","SD2","Sand",13,13,55,55,45,45,9,9,27,27,11,11,49,51,51,51,11,11
"145","SD3","Sand",13,13,39,39,47,55,9,9,25,27,11,11,47,49,17,17,7,11
"146","SD4","Sand",9,11,31,37,3,17,3,7,1,1,1,1,1,1,17,29,51,51
"147","SD5","Sand",13,13,31,37,45,45,9,9,23,29,1,1,49,53,17,17,7,11
"148","SD6","Sand",13,15,35,39,41,55,9,13,27,27,1,1,53,57,15,15,7,11
"149","SD7","Sand",15,15,37,37,49,49,9,9,23,27,1,1,51,51,15,15,9,9
"150","SD8","Sand",11,13,17,33,45,47,9,9,27,27,1,15,47,47,15,25,9,9
"151","SD9","Sand",15,15,19,33,43,51,3,7,29,29,11,11,47,51,17,17,0,0
"152","SD10","Sand",11,13,19,35,43,51,9,9,23,27,11,11,49,51,15,15,9,11
"153","SD13","Sand",7,7,31,31,5,5,5,7,1,1,1,1,3,3,21,31,47,47
"154","SD14","Sand",15,15,29,51,33,49,9,9,27,27,11,11,49,49,15,25,9,11
"155","SD15","Sand",11,11,31,31,51,51,9,9,27,27,11,11,51,51,17,17,7,7
"156","SD16","Sand",13,13,17,39,43,45,7,9,27,29,11,13,47,53,17,17,9,11
"157","SD17","Sand",13,13,35,37,43,45,9,9,27,27,11,11,49,53,17,17,9,9
"158","SD18","Sand",11,13,39,47,33,51,9,9,27,27,11,11,51,61,17,17,7,9
"159","SD19","Sand",11,15,37,41,43,51,9,9,23,27,11,11,47,61,17,17,11,11
"160","SD20","Sand",13,13,37,39,49,51,9,9,27,27,11,11,51,53,15,15,7,7
"161","NN1","Nan",13,15,25,31,51,57,9,9,27,27,11,11,53,53,13,15,5,7
"162","NN2","Nan",13,15,19,23,51,57,5,9,27,27,11,11,53,53,15,15,9,9
"163","NN3","Nan",11,13,23,23,51,57,7,9,25,27,11,11,53,53,15,15,7,9
"164","NN4","Nan",11,13,35,37,43,45,7,9,23,27,11,11,53,53,13,15,7,9
"165","NN5","Nan",11,13,23,23,43,45,9,9,27,27,11,11,53,53,19,19,7,7
"166","NN6","Nan",11,13,3,23,43,43,5,5,27,27,11,11,51,53,15,15,9,11
"167","NN7","Nan",7,13,1,1,45,45,5,9,27,27,11,11,53,53,15,15,7,7
"168","NN8","Nan",11,13,19,23,41,45,5,9,27,27,11,11,53,53,15,17,7,11
"169","NN9","Nan",11,13,23,31,45,57,7,7,35,43,11,11,53,53,17,17,5,7
"170","NN10","Nan",7,13,23,23,45,45,7,9,27,27,11,11,53,53,15,31,9,9
"171","NN11","Nan",11,13,23,23,43,45,5,7,29,29,11,11,53,53,15,27,9,11
"172","NN12","Nan",11,13,23,31,43,45,3,5,23,27,11,11,53,53,15,27,7,11
"173","NN13","Nan",13,13,21,23,45,47,7,9,19,21,11,11,53,53,15,15,9,9
"174","NN14","Nan",13,15,23,31,41,51,7,9,27,27,11,11,53,53,15,15,7,7
"175","NN15","Nan",7,13,39,41,59,61,3,15,25,27,11,11,53,53,25,25,5,7
"176","NN16","Nan",13,13,35,37,41,43,7,9,23,27,11,11,53,53,15,25,5,7
"177","NN17","Nan",7,13,33,33,53,55,7,7,29,31,11,11,53,55,13,15,7,9
"178","NN18","Nan",13,13,23,29,45,61,3,3,27,27,11,11,53,53,25,33,5,7
"179","NN19","Nan",7,13,29,41,45,61,3,11,25,27,11,11,53,53,23,25,3,5
"180","DA1","Ding",11,15,27,29,19,21,13,15,23,25,11,11,49,55,43,45,5,5
"181","DA2","Ding",11,11,25,25,41,41,13,15,23,23,11,11,53,53,17,43,1,5
"182","DA3","Ding",11,11,25,39,5,21,11,11,23,31,13,13,51,51,29,45,7,7
"183","DA4","Ding",11,13,27,27,45,59,15,15,21,21,11,11,51,53,51,51,7,21
"184","DA5","Ding",11,11,23,25,5,15,13,19,23,25,11,11,51,51,29,39,7,7
"185","DA6","Ding",11,11,23,31,47,51,9,17,23,23,11,11,51,51,43,45,5,7
"186","DA7","Ding",11,13,29,29,37,43,11,19,23,23,11,11,49,51,29,41,7,13
"187","DA8","Ding",11,11,31,31,55,55,7,15,23,23,11,11,49,51,47,47,1,7
"188","DA9","Ding",11,11,23,29,7,23,13,13,23,23,11,11,51,51,61,61,7,7
"189","DA10","Ding",11,13,23,29,21,35,17,17,23,25,11,11,49,53,39,67,7,21
"190","DA11","Ding",11,13,23,23,23,23,23,23,27,27,11,11,51,51,1,33,9,9
"191","DA12","Ding",15,15,0,0,15,17,15,19,23,23,11,11,49,53,61,61,5,5
"192","DA13","Ding",11,13,25,31,13,37,11,15,25,25,11,11,49,51,61,61,5,5
"193","DA14","Ding",11,11,17,31,37,45,13,13,23,27,11,11,49,53,47,51,5,5
"194","DA15","Ding",11,11,25,33,15,21,9,9,23,23,11,11,49,51,49,49,7,7
"195","DA16","Ding",11,11,23,27,39,39,7,7,27,27,11,11,49,49,63,63,7,7
"196","DA17","Ding",11,11,35,35,39,39,9,9,0,0,11,11,0,0,61,61,7,7
"197","DA18","Ding",11,11,25,27,19,25,9,15,23,23,11,11,53,55,61,75,7,7
"198","DA19","Ding",11,11,25,25,21,21,13,13,23,25,11,11,51,51,71,71,15,17
"199","WN1","Wan",11,11,25,31,37,49,9,9,23,23,11,11,53,53,47,67,7,7
"200","WN2","Wan",11,11,27,29,37,51,7,9,25,27,11,15,53,59,33,39,1,1
"201","WN3","Wan",11,11,25,25,55,55,9,9,23,23,11,11,55,57,49,49,7,7
"202","WN4","Wan",11,13,21,23,37,37,7,9,23,25,11,11,61,61,29,41,7,7
"203","WN5","Wan",11,11,25,25,37,37,9,9,25,25,11,11,61,61,39,39,7,7
"204","WN6","Wan",11,11,29,29,33,33,7,7,25,25,11,11,55,55,49,49,5,5
"205","WN7","Wan",11,11,21,27,37,45,7,9,23,25,11,11,53,53,41,45,7,7
"206","WN8","Wan",11,11,19,27,57,57,9,9,23,25,11,11,51,61,49,49,7,7
"207","WN9","Wan",11,11,23,25,49,51,7,7,21,23,11,11,53,53,39,51,7,7
"208","WN10","Wan",11,11,25,25,37,53,7,7,29,29,11,11,63,65,15,41,7,7
